exam_id,question_id,correct_answer
PERF001,1,B
PERF001,2,C
PERF001,3,D
PERF001,4,A
PERF001,5,B
PERF001,6,C
PERF001,7,D
PERF001,8,A
PERF001,9,B
PERF001,10,C
PERF001,11,D
PERF001,12,A
PERF001,13,B
PERF001,14,C
PERF001,15,D
PERF001,16,A
PERF001,17,B
PERF001,18,C
PERF001,19,D
PERF001,20,A
PERF001,21,B
PERF001,22,C
PERF001,23,D
PERF001,24,A
PERF001,25,B
PERF001,26,C
PERF001,27,D
PERF001,28,A
PERF001,29,B
PERF001,30,C
PERF001,31,D
PERF001,32,A
PERF001,33,B
PERF001,34,C
PERF001,35,D
PERF001,36,A
PERF001,37,B
PERF001,38,C
PERF001,39,D
PERF001,40,A
PERF001,41,B
PERF001,42,C
PERF001,43,D
PERF001,44,A
PERF001,45,B
PERF001,46,C
PERF001,47,D
PERF001,48,A
PERF001,49,B
PERF001,50,C
PERF001,51,D
PERF001,52,A
PERF001,53,B
PERF001,54,C
PERF001,55,D
PERF001,56,A
PERF001,57,B
PERF001,58,C
PERF001,59,D
PERF001,60,A
PERF001,61,B
PERF001,62,C
PERF001,63,D
PERF001,64,A
PERF001,65,B
PERF001,66,C
PERF001,67,D
PERF001,68,A
PERF001,69,B
PERF001,70,C
PERF001,71,D
PERF001,72,A
PERF001,73,B
PERF001,74,C
PERF001,75,D
PERF001,76,A
PERF001,77,B
PERF001,78,C
PERF001,79,D
PERF001,80,A
PERF001,81,B
PERF001,82,C
PERF001,83,D
PERF001,84,A
PERF001,85,B
PERF001,86,C
PERF001,87,D
PERF001,88,A
PERF001,89,B
PERF001,90,C
PERF001,91,D
PERF001,92,A
PERF001,93,B
PERF001,94,C
PERF001,95,D
PERF001,96,A
PERF001,97,B
PERF001,98,C
PERF001,99,D
PERF001,100,A
PERF002,1,D
PERF002,2,A
PERF002,3,B
PERF002,4,C
PERF002,5,D
PERF002,6,A
PERF002,7,B
PERF002,8,C
PERF002,9,D
PERF002,10,A
PERF002,11,B
PERF002,12,C
PERF002,13,D
PERF002,14,A
PERF002,15,B
PERF002,16,C
PERF002,17,D
PERF002,18,A
PERF002,19,B
PERF002,20,C
PERF002,21,D
PERF002,22,A
PERF002,23,B
PERF002,24,C
PERF002,25,D
PERF002,26,A
PERF002,27,B
PERF002,28,C
PERF002,29,D
PERF002,30,A
PERF002,31,B
PERF002,32,C
PERF002,33,D
PERF002,34,A
PERF002,35,B
PERF002,36,C
PERF002,37,D
PERF002,38,A
PERF002,39,B
PERF002,40,C
PERF002,41,D
PERF002,42,A
PERF002,43,B
PERF002,44,C
PERF002,45,D
PERF002,46,A
PERF002,47,B
PERF002,48,C
PERF002,49,D
PERF002,50,A
PERF002,51,B
PERF002,52,C
PERF002,53,D
PERF002,54,A
PERF002,55,B
PERF002,56,C
PERF002,57,D
PERF002,58,A
PERF002,59,B
PERF002,60,C
PERF002,61,D
PERF002,62,A
PERF002,63,B
PERF002,64,C
PERF002,65,D
PERF002,66,A
PERF002,67,B
PERF002,68,C
PERF002,69,D
PERF002,70,A
PERF002,71,B
PERF002,72,C
PERF002,73,D
PERF002,74,A
PERF002,75,B
PERF002,76,C
PERF002,77,D
PERF002,78,A
PERF002,79,B
PERF002,80,C
PERF002,81,D
PERF002,82,A
PERF002,83,B
PERF002,84,C
PERF002,85,D
PERF002,86,A
PERF002,87,B
PERF002,88,C
PERF002,89,D
PERF002,90,A
PERF002,91,B
PERF002,92,C
PERF002,93,D
PERF002,94,A
PERF002,95,B
PERF002,96,C
PERF002,97,D
PERF002,98,A
PERF002,99,B
PERF002,100,C
PERF003,1,B
PERF003,2,C
PERF003,3,D
PERF003,4,A
PERF003,5,B
PERF003,6,C
PERF003,7,D
PERF003,8,A
PERF003,9,B
PERF003,10,C
PERF003,11,D
PERF003,12,A
PERF003,13,B
PERF003,14,C
PERF003,15,D
PERF003,16,A
PERF003,17,B
PERF003,18,C
PERF003,19,D
PERF003,20,A
PERF003,21,B
PERF003,22,C
PERF003,23,D
PERF003,24,A
PERF003,25,B
PERF003,26,C
PERF003,27,D
PERF003,28,A
PERF003,29,B
PERF003,30,C
PERF003,31,D
PERF003,32,A
PERF003,33,B
PERF003,34,C
PERF003,35,D
PERF003,36,A
PERF003,37,B
PERF003,38,C
PERF003,39,D
PERF003,40,A
PERF003,41,B
PERF003,42,C
PERF003,43,D
PERF003,44,A
PERF003,45,B
PERF003,46,C
PERF003,47,D
PERF003,48,A
PERF003,49,B
PERF003,50,C
PERF003,51,D
PERF003,52,A
PERF003,53,B
PERF003,54,C
PERF003,55,D
PERF003,56,A
PERF003,57,B
PERF003,58,C
PERF003,59,D
PERF003,60,A
PERF003,61,B
PERF003,62,C
PERF003,63,D
PERF003,64,A
PERF003,65,B
PERF003,66,C
PERF003,67,D
PERF003,68,A
PERF003,69,B
PERF003,70,C
PERF003,71,D
PERF003,72,A
PERF003,73,B
PERF003,74,C
PERF003,75,D
PERF003,76,A
PERF003,77,B
PERF003,78,C
PERF003,79,D
PERF003,80,A
PERF003,81,B
PERF003,82,C
PERF003,83,D
PERF003,84,A
PERF003,85,B
PERF003,86,C
PERF003,87,D
PERF003,88,A
PERF003,89,B
PERF003,90,C
PERF003,91,D
PERF003,92,A
PERF003,93,B
PERF003,94,C
PERF003,95,D
PERF003,96,A
PERF003,97,B
PERF003,98,C
PERF003,99,D
PERF003,100,A
PERF004,1,D
PERF004,2,A
PERF004,3,B
PERF004,4,C
PERF004,5,D
PERF004,6,A
PERF004,7,B
PERF004,8,C
PERF004,9,D
PERF004,10,A
PERF004,11,B
PERF004,12,C
PERF004,13,D
PERF004,14,A
PERF004,15,B
PERF004,16,C
PERF004,17,D
PERF004,18,A
PERF004,19,B
PERF004,20,C
PERF004,21,D
PERF004,22,A
PERF004,23,B
PERF004,24,C
PERF004,25,D
PERF004,26,A
PERF004,27,B
PERF004,28,C
PERF004,29,D
PERF004,30,A
PERF004,31,B
PERF004,32,C
PERF004,33,D
PERF004,34,A
PERF004,35,B
PERF004,36,C
PERF004,37,D
PERF004,38,A
PERF004,39,B
PERF004,40,C
PERF004,41,D
PERF004,42,A
PERF004,43,B
PERF004,44,C
PERF004,45,D
PERF004,46,A
PERF004,47,B
PERF004,48,C
PERF004,49,D
PERF004,50,A
PERF004,51,B
PERF004,52,C
PERF004,53,D
PERF004,54,A
PERF004,55,B
PERF004,56,C
PERF004,57,D
PERF004,58,A
PERF004,59,B
PERF004,60,C
PERF004,61,D
PERF004,62,A
PERF004,63,B
PERF004,64,C
PERF004,65,D
PERF004,66,A
PERF004,67,B
PERF004,68,C
PERF004,69,D
PERF004,70,A
PERF004,71,B
PERF004,72,C
PERF004,73,D
PERF004,74,A
PERF004,75,B
PERF004,76,C
PERF004,77,D
PERF004,78,A
PERF004,79,B
PERF004,80,C
PERF004,81,D
PERF004,82,A
PERF004,83,B
PERF004,84,C
PERF004,85,D
PERF004,86,A
PERF004,87,B
PERF004,88,C
PERF004,89,D
PERF004,90,A
PERF004,91,B
PERF004,92,C
PERF004,93,D
PERF004,94,A
PERF004,95,B
PERF004,96,C
PERF004,97,D
PERF004,98,A
PERF004,99,B
PERF004,100,C
PERF005,1,B
PERF005,2,C
PERF005,3,D
PERF005,4,A
PERF005,5,B
PERF005,6,C
PERF005,7,D
PERF005,8,A
PERF005,9,B
PERF005,10,C
PERF005,11,D
PERF005,12,A
PERF005,13,B
PERF005,14,C
PERF005,15,D
PERF005,16,A
PERF005,17,B
PERF005,18,C
PERF005,19,D
PERF005,20,A
PERF005,21,B
PERF005,22,C
PERF005,23,D
PERF005,24,A
PERF005,25,B
PERF005,26,C
PERF005,27,D
PERF005,28,A
PERF005,29,B
PERF005,30,C
PERF005,31,D
PERF005,32,A
PERF005,33,B
PERF005,34,C
PERF005,35,D
PERF005,36,A
PERF005,37,B
PERF005,38,C
PERF005,39,D
PERF005,40,A
PERF005,41,B
PERF005,42,C
PERF005,43,D
PERF005,44,A
PERF005,45,B
PERF005,46,C
PERF005,47,D
PERF005,48,A
PERF005,49,B
PERF005,50,C
PERF005,51,D
PERF005,52,A
PERF005,53,B
PERF005,54,C
PERF005,55,D
PERF005,56,A
PERF005,57,B
PERF005,58,C
PERF005,59,D
PERF005,60,A
PERF005,61,B
PERF005,62,C
PERF005,63,D
PERF005,64,A
PERF005,65,B
PERF005,66,C
PERF005,67,D
PERF005,68,A
PERF005,69,B
PERF005,70,C
PERF005,71,D
PERF005,72,A
PERF005,73,B
PERF005,74,C
PERF005,75,D
PERF005,76,A
PERF005,77,B
PERF005,78,C
PERF005,79,D
PERF005,80,A
PERF005,81,B
PERF005,82,C
PERF005,83,D
PERF005,84,A
PERF005,85,B
PERF005,86,C
PERF005,87,D
PERF005,88,A
PERF005,89,B
PERF005,90,C
PERF005,91,D
PERF005,92,A
PERF005,93,B
PERF005,94,C
PERF005,95,D
PERF005,96,A
PERF005,97,B
PERF005,98,C
PERF005,99,D
PERF005,100,A
